USE QLKHACHSAN
GO
-- DANH MỤC KHÁCH HÀNG
INSERT INTO DMKHACHHANG
VALUES
('KH01',N'NGÔ ĐÌNH PHONG', N'TP.HỒ CHÍ MINH','0938818411','dinhphong@gmail.com',NULL),
('KH02',N'LÊ VĂN THỊNH', N'ĐÀ LẠT','0999384321','levanthinh@gmail.com',NULL),
('KH03',N'LÊ ĐỨC MINH', N'ĐÀ NẴNG','0837473871','leducminh123@gmail.com',NULL),
('KH04',N'LÊ VĂN KHƯƠNG', N'ĐỒNG THÁP','0983247937','levankhuong1998@gmail.com',NULL),
('KH05',N'MAI HOÀNG ĐỨC', N'NINH THUẬN','0398357821','maihoangduc12@gmail.com',NULL),
('KH06',N'VÕ CẨM NHUNG', N'KHÁNH HÒA','0924893741','vocamnhung1990@gmail.com',NULL),
('KH07',N'TRẦN VIỆT HƯNG', N'BẾN TRE','0847364327','tranvethung889@gmail.com',NULL),
('KH08',N'ĐỖ NGỌC LINH', N'QUẢNG BÌNH','0357634723','dongoclinh1998@gmail.com',NULL),
('KH09',N'HOÀNG KHÁNH HƯNG', N'BÌNH ĐỊNH','0374367375','hoanghungkhanh@gmail.com',NULL),
('KH010',N'LÊ ĐỨC ANH', N'ĐỒNG NAI','0247356325','leducanh999@gmail.com',NULL),
('KH011',N'TÔ HOÀI NAM', N'BÌNH ĐỊNH','0357293755','tohoanam555@gmail.com',NULL),
('KH012',N'TRỊNH HÀ HẢI', N'TP.HỒ CHÍ MINH','0872461371','trinhhahai@gmail.com',NULL),
('KH013',N'NGUYỄN MỸ TRÀ', N'BÀ RỊA- VŨNG TÀU','0377562632','tranguyen@gmail.com',NULL)

--DANH MỤC SẢN PHẨM 
INSERT INTO DMSANPHAM
VALUES
('P',N'PHÒNG'),
('DV',N'DỊCH VỤ'),
('VTHH',N'VẬT TƯ HÀNG HÓA')

--DANH MỤC GIÁ PHÒNG
INSERT INTO DMGIAPHONG
VALUES
('MGSTDL',N'NGÀY LỄ',2000000,NULL),
('MGSUPL',N'NGÀY LỄ',3000000,NULL),
('MGDLXL',N'NGÀY LỄ',4000000, NULL),
('MGSUTL',N'NGÀY LỄ',5000000, NULL),
('MGSTDT',N'NGÀY THƯỜNG',1500000,NULL),
('MGSUPT',N'NGÀY THƯỜNG',2500000,NULL),
('MGDLXT',N'NGÀY THƯỜNG',3500000,NULL),
('MGSUTT',N'NGÀY THƯỜNG',4500000,NULL)

--DANH MỤC LOẠI PHÒNG
INSERT INTO DMLOAIPHONG
VALUES
('STD',N'PHÒNG STANDARD',1,N'13 – 16 M2, 1 GIƯỜNG ĐƠN' ),
('SUP',N'PHÒNG SUPERIOR',2,N'16 – 18M2, 2 GIƯỜNG ĐƠN'),
('DLX',N'PHÒNG DELUXE',3,N'32 – 36M2, 1 GIƯỜNG ĐÔI'),
('SUT',N'PHÒNG SUITE',4,N'36 – 48M2,1 GIƯỜNG ĐÔI VÀ 1 GIƯỜNG ĐƠN')

--DANH MỤC PHÒNG
INSERT INTO DMPHONG
VALUES
('101','P','STD',N'TRỐNG',NULL),
('102','P','STD',N'ĐÃ ĐƯỢC ĐẶT', NULL),
('103','P','STD',N'ĐANG SỬ DỤNG', NULL),
('104','P','STD',N'TRỐNG', NULL),
('105','P','STD',N'TRỐNG',NULL),
('106','P','STD',N'TRỐNG',NULL),
('107','P','STD',N'TRỐNG',NULL),
('108','P','STD',N'TRỐNG',NULL),
('201','P','SUP',N'TRỐNG',NULL),
('202','P','SUP',N'ĐÃ ĐƯỢC ĐẶT',NULL),
('203','P','SUP',N'ĐANG SỬ DỤNG',NULL),
('204','P','SUP',N'TRỐNG',NULL),
('205','P','SUP',N'ĐÃ ĐƯỢC ĐẶT', NULL),
('206','P','SUP',N'TRỐNG',NULL),
('207','P','SUP',N'TRỐNG',NULL),
('208','P','SUP',N'TRỐNG',NULL),
('301','P','DLX',N'TRỐNG',NULL),
('302','P','DLX',N'ĐÃ ĐƯỢC ĐẶT',NULL),
('303','P','DLX',N'TRỐNG',NULL),
('304','P','DLX',N'TRỐNG',NULL),
('305','P','DLX',N'ĐANG SỬ DỤNG',NULL),
('306','P','DLX',N'ĐANG SỬ DỤNG',NULL),
('307','P','DLX',N'TRỐNG',NULL),
('308','P','DLX',N'ĐANG SỬ DỤNG',NULL),
('401','P','SUT',N'TRỐNG',NULL),
('402','P','SUT',N'TRỐNG',NULL),
('403','P','SUT',N'ĐÃ ĐƯỢC ĐẶT',NULL),
('404','P','SUT',N'TRỐNG',NULL)

--CHI TIẾT ĐẶT PHÒNG
INSERT INTO DATPHONGCT
VALUES
('102', 'KH01', 1, CAST('2024-01-12' AS DATETIME), CAST('2024-01-15' AS DATETIME)),
('103', 'KH05', 1, CAST('2024-02-01' AS DATETIME), CAST('2024-02-05' AS DATETIME)),
('202', 'KH010', 2, CAST('2024-02-12' AS DATETIME), CAST('2024-02-16' AS DATETIME)),
('203', 'KH06', 2, CAST('2024-03-12' AS DATETIME), CAST('2024-03-20' AS DATETIME)),
('205', 'KH02', 2, CAST('2024-03-22' AS DATETIME), CAST('2024-03-24' AS DATETIME)),
('302', 'KH04', 3, CAST('2024-04-02' AS DATETIME), CAST('2024-04-06' AS DATETIME)),
('305', 'KH03', 2, CAST('2024-04-10' AS DATETIME), CAST('2024-04-13' AS DATETIME)),
('306', 'KH06', 2, CAST('2024-04-15' AS DATETIME), CAST('2024-04-19' AS DATETIME)),
('308', 'KH03', 3, CAST('2024-04-25' AS DATETIME), CAST('2024-04-26' AS DATETIME)),
('403', 'KH013', 3, CAST('2024-04-25' AS DATETIME), CAST('2024-04-28' AS DATETIME));

--DANH MỤC DỊCH VỤ
INSERT INTO DMDICHVU
VALUES
('DV01','DV',N'DỊCH VỤ GIẶT ỦI QUẦN ÁO',50000,NULL,NULL),
('DV02','DV',N'DỊCH VỤ CHO THUÊ XE MÁY',100000,5,NULL),
('DV03','DV',N'DỊCH VỤ CHO THUÊ XE HƠI',1000000,3,NULL),
('DV04','DV',N'DỊCH VỤ HỒ BƠI',50000,NULL,NULL),
('DV05','DV',N'DỊCH VỤ NHÀ HÀNG',200000,NULL,NULL),
('DV06','DV',N'DỊCH VỤ GYM',150000,NULL,NULL)
--CHI TIẾT ĐẶT DỊCH VỤ
INSERT INTO DATDICHVUCT
VALUES
('KH01','DV02',2),
('KH01','DV01',1),
('KH05','DV01',1),
('KH05','DV03',1),
('KH010','DV01',2),
('KH010','DV04',2),
('KH02','DV02',3),
('KH06','DV05',1),
('KH03','DV04',2)
--DANH MỤC LOẠI VẬT TƯ HÀNG HÓA
INSERT INTO DMLOAIVTHH
VALUES
('MA01',N'Trang thiết bị buồng phòng'),
('MA02',N'Đồ dùng trong phòng'),
('MA03',N'Đồ dùng tiêu hao 1 lần')
--DANH MỤC NHÀ CUNG CẤP
INSERT INTO DMNHACUNGCAP
VALUES
('NCC01',N'CÔNG TY SẢN XUẤT & THƯƠNG MẠI FALCON',N' Khu Chiến Thắng, Xuân Mai, Hà Nội','0965136659',N'Congtyfalcon@gmail.com',NULL),
('NCC02',N'Công ty TNHH một thành viên KOSEI',N' 07 Đường 46B, P.Tân Tạo, Q.Bình Tân, Tp.Hồ CHí Minh','02836368877',N'cskh@tunhienvn.com',NULL),
('NCC03',N'Đồ dùng khách sạn & Nhà hàng Phúc Hòa',N'383/60 Quang Trung, P.10, Gò Vấp, TP.HCM','0901166103',N'cskh@phuchoa.com.vn',NULL),
('NCC04',N'Công ty TNHH An Thành Hưng',N'Tổ 7 cụm 1, P.Trung Hòa, Q. Cầu Giấy, TP. Hà Nội','0902195886',NULL,NULL)
--DANH MỤC VẬT TƯ HÀNG HÓA
INSERT INTO DMVATTUHANGHOA
VALUES
('VTHH01','VTHH','MA02','NCC01',N'KHĂN',N'CÁI',110),
('VTHH02','VTHH','MA02','NCC01',N'ÁO CHOÀNG TẮM',N'CHIẾC',200),
('VTHH03','VTHH','MA01','NCC01',N'MÁY SẤY TÓC',N'CÁI',150),
('VTHH04','VTHH','MA01','NCC01',N'Ấm Đun Nước Siêu Tốc',N'CÁI',320),
('VTHH05','VTHH','MA03','NCC02',N'BÀN CHẢI',N'CÁI',1000),
('VTHH06','VTHH','MA03','NCC02',N'KEM ĐÁNH RĂNG',N'TUÝP',110),
('VTHH07','VTHH','MA03','NCC02',N'Dầu gội',N'CHAI',1100),
('VTHH08','VTHH','MA03','NCC03',N'SỮA RỬA MẶT',N'TUÝP',1500),
('VTHH09','VTHH','MA03','NCC04',N'Dép đi trong PHÒNG',N'ĐÔI',1500)
--CHI TIẾT ĐẶT VẬT TƯ HÀNG HÓA
INSERT INTO DATVATTUHANGHOACT
VALUES
('VTHH01','KH01',1),
('VTHH04','KH04',1),
('VTHH05','KH06',3),
('VTHH06','KH03',2),
('VTHH08','KH013',1)
-- DANH MỤC CHỨC VỤ
INSERT INTO DMCHUCVU
VALUES
('ADMIN',N'QUẢN LÝ'),
('USER',N'NHÂN VIÊN')

--DANH MỤC BỘ PHẬN
INSERT INTO DMBOPHAN
VALUES
('BPKD',N'BỘ PHẬN KINH DOANH'),
('BPLT',N'BỘ PHẬN LỄ TÂN'),
('BPBP',N'BỘ PHẬN BUỒNG PHÒNG'),
('BPTN',N'BỘ PHẬN THU NGÂN'),
('BPTCNH',N'BỘ PHẬN TÀI CHÍNH NGÂN HÀNG'),
('BPQL',N'BỘ PHẬN QUẢN LÝ'),
('BPCSKH',N'BỘ PHẬN CHĂM SÓC KHÁCH HÀNG')

-- DANH MỤC NHÂN VIÊN
INSERT INTO DMNHANVIEN
VALUES
('NV101','ADMIN','BPKD',N'Phan Thành Duy',N'NAM',CAST('1990-06-12' AS datetime2),N'5 Dương Quảng Hàm - GV - TPHCM', '0885845418','THANHDUY126@GMAIL.COM',NULL),
('NV102','USER','BPKD',N'Lâm Đại Ngọc',N'NAM',CAST('1989-03-01' AS datetime2),N'2/1A Quang Trung - P.10 - GV - TP.HCM', '0835436205','DAINGOC13@GMAIL.COM',NULL),
('NV103','USER','BPKD',N'Trần Châu Khoa',N'NAM',CAST('1992-02-12' AS datetime2),N'10 QL 1A - P.11 - Q.12 - TP.HCM', '0918183333','CHAUKHOA122@GMAIL.COM',NULL),
('NV201','ADMIN','BPLT',N'Mai Thị Lựu',N'NỮ',CAST('1991-06-02' AS datetime2),N'256/96/4 Phan Đăng Lưu - Bình Thạnh - HCM', '0835283758','THILUU1991@GMAIL.COM',NULL),
('NV202','USER','BPLT',N'Đào Thị Hồng',N'NỮ',CAST('2000-10-12' AS datetime2),N'5 PHẠM NGŨ LÃO - GV - TPHCM', '0885845368','THIHONG1210@GMAIL.COM',NULL),
('NV203','USER','BPLT',N'Phan Thành TRUNG',N'NAM',CAST('2001-01-12' AS datetime2),N'123 LÊ VĂN VIỆT - TP.THỦ ĐỨC - TPHCM', '0637245418','THANHTRUNG121@GMAIL.COM',NULL),
('NV301','ADMIN','BPBP',N'Phan Thành Duy',N'NAM',CAST('1990-06-12' AS datetime2),N'5 Dương Quảng Hàm - GV - TPHCM', '0885845418','THANHDUY126@GMAIL.COM',NULL),
('NV302','USER','BPBP',N'NGUYỄN Thành ANH',N'NAM',CAST('1990-05-1' AS datetime2),N'15 TÔN ĐẢN - Q.4 - TPHCM', '0885869784','THANHANH15@GMAIL.COM',NULL),
('NV401','USER','BPTN',N'TRẦN NGỌC LINH',N'NỮ',CAST('1991-06-01' AS datetime2),N'5 TRẦN XUÂN SOẠN- Q.7 - TPHCM', '0154764548','NGOCLINH1116@GMAIL.COM',NULL),
('NV402','ADMIN','BPTN',N'NGUYỄN ANH ĐÀO',N'NỮ',CAST('1995-08-12' AS datetime2),N'123 LÊ VĂN THỌ - GV - TPHCM', '0975845419','ANHDAO1208@GMAIL.COM',NULL),
('NV501','ADMIN','BPTCNH',N'Phan THỊ THẢO',N'NỨ',CAST('2000-09-12' AS datetime2),N'12 NGUYỄN VĂN BẢO - GV - TPHCM', '0995845445','THAONGUYEN1209@GMAIL.COM',NULL),
('NV502','ADMIN','BPTCNH',N'TRẦN NGỌC HIỀN',N'NỮ',CAST('1995-06-13' AS datetime2),N'15 LÊ ĐỨC THỌ - GV - TPHCM', '0889874418','NGOCHIEN1306@GMAIL.COM',NULL),
('NV601','ADMIN','BPQL',N'LÊ NGỌC ANH',N'NỮ',CAST('1994-05-13' AS datetime2),N'15 BÙI THỊ XUÂN - Q.1 - TPHCM', '0109875471','NGOCANH1305@GMAIL.COM',NULL),
('NV602','ADMIN','BPQL',N'TRẦN ANH QUÂN',N'NAM',CAST('1993-06-03' AS datetime2),N'114 VÕ OANH - Q. BÌNH THẠNH - TPHCM', '0114744148','ANHQUAN1306@GMAIL.COM',NULL),
('NV603','ADMIN','BPQL',N'NGUYỄN VĂN SƠN',N'NAM',CAST('1991-07-13' AS datetime2),N'15 LÊ ĐỨC THỌ - GV - TPHCM', '0889874418','VANSON1307@GMAIL.COM',NULL),
('NV701','ADMIN','BPCSKH',N'MAI THANH HIỀN',N'NỮ',CAST('1991-09-05' AS datetime2),N'115 NGUYỄN THỊ MINH KHAI - Q.1 - TPHCM', '0889874569','THANHHIEN0509@GMAIL.COM',NULL),
('NV702','USER','BPCSKH',N'NGUYỄN THANH SƠN',N'NAM',CAST('1998-10-05' AS datetime2),N'11 CỐNG QUỲNH - Q.5 - TPHCM', '0856874578','THANHSONN1009@GMAIL.COM',NULL)
--DANH MỤC TÀI KHOẢN
INSERT INTO DMTAIKHOAN
VALUES
('NV101','AD101','AD101@123'),
('NV102','US102','US102@123'),
('NV103','US103','US103@123'),
('NV201','AD101','AD201@123'),
('NV202','US202','US202@123'),
('NV203','US203','US203@123'),
('NV301','AD301','AD301@123'),
('NV302','US302','US302@123'),
('NV401','US401','US401@123'),
('NV402','AD402','AD402@123'),
('NV501','AD501','AD501@123'),
('NV502','AD502','AD502@123'),
('NV601','AD601','AD601@123'),
('NV602','AD602','AD602@123'),
('NV603','AD603','AD603@123'),
('NV701','AD701','AD701@123'),
('NV702','US702','US702@123')
--DANH MỤC HÓA ĐƠN
INSERT INTO DMHOADON
VALUES
('HD01','NV202','KH02', 'MGSUPT',CAST('2024-01-15' AS DATETIME)),
('HD02','NV201','KH05', 'MGSTDT',CAST('2024-02-5' AS DATETIME)),
('HD03','NV202','KH06', 'MGSUPT',CAST('2024-01-15' AS DATETIME)),
('HD04','NV203','KH03', 'MGDLXL',CAST('2024-04-26' AS DATETIME)),
('HD05','NV202','KH04', 'MGSUPT',CAST('2024-04-06' AS DATETIME))

-- CHI TIẾT HÓA ĐƠN
INSERT INTO HOADONCT
VALUES
('HD01','P',1),
('HD01','DV',1),
('HD02','P',1),
('HD02','DV',2),
('HD03','P',1),
('HD03','DV',1),
('HD03','VTHH',1),
('HD04','P',1),
('HD04','DV',1),
('HD04','VTHH',1),
('HD05','P',1),
('HD05','VTHH',1)
--DANH MỤC PHIẾU NHẬP
INSERT INTO DMPHIEUNHAP
VALUES
('PN01','NV502','NCC01',CAST('2024-01-12' AS DATETIME)),
('PN02','NV501','NCC01',CAST('2023-11-12' AS DATETIME) ),
('PN03','NV502','NCC03',CAST('2023-01-12' AS DATETIME) ),
('PN04','NV501','NCC04',CAST('2023-05-22' AS DATETIME)),
('PN05','NV502','NCC03',CAST('2023-11-22' AS DATETIME)),
('PN06','NV501','NCC02',CAST('2023-03-06' AS DATETIME) )
--CHI TIẾT PHIẾU NHẬP
INSERT INTO PHIEUNHAPCT
VALUES
('PN01','VTHH01', 150000, 100),
('PN01','VTHH02', 230000,1200),
('PN02','VTHH04', 110000,2300),
('PN03','VTHH03', 150000, 3000),
('PN03','VTHH04', 150000 ,204),
('PN04','VTHH02', 130000,350)




